{"cameraMode":{"drawMode":0,"name":"Shaded","section":"Shading Mode"},"sceneLighting":false,"audioPlay":false,"sceneViewState":{"m_AlwaysRefresh":false,"showFog":true,"showSkybox":false,"showFlares":true,"showImageEffects":true,"showParticleSystems":true,"showVisualEffectGraphs":true,"m_FxEnabled":true},"in2DMode":false,"pivot":{"x":0.8567758798599243,"y":-2.8583717346191408,"z":6.328271865844727},"rotation":{"x":0.42022672295570376,"y":-0.19478335976600648,"z":0.09286821633577347,"w":0.8813890814781189},"size":0.8660283088684082,"orthographic":false}